名目原系列,,,,,,,,,,,,,,,<参考>,,,,,,,,,,,(単位:10億円),,,,,,
"Nominal, Original Series",,,,,,,,,,,,,,,<cf>,,,,,,,,,,,(Billion Yen),,,,,,
,国内総生産(支出側),民間最終消費支出,,,民間住宅,民間企業設備,民間在庫変動,政府最終消費支出,公的固定資本形成,公的在庫変動,財貨・サービス,,,,海外からの所得,,,国民総所得,,国内需要,民間需要,公的需要,,総固定資本形成,,最終需要,,,,,,
,,,家計最終消費支出,,,,,,,,純輸出,輸出,輸入,,純受取,受取,支払,,,,,,,,,,,,,,,
,,,,除く持ち家の帰属家賃,,,,,,,,,,,,,,,,,,,,,,,,,,,,
,GDP(Expenditure Approach),PrivateConsumption,Consumption ofHouseholds,ExcludingImputed Rent,PrivateResidentialInvestment,Private Non-Resi.Investment,Changein PrivateInventories,GovernmentConsumption,PublicInvestment,Changein PublicInventories,Goods & Services,,,,Income from /to the Rest of the World,,,GNI,,DomesticDemand,PrivateDemand,PublicDemand,,Gross Fixed CapitalFormation,,Final Sales of Domestic Product,,,,,,
,,,,,,,,,,,Net Exports,Exports,Imports,,Net,Receipt,Payment,,,,,,,,,,,,,,,
1994/ 1- 3.,"120,994.4 ","65,027.4 ","64,414.0 ","55,816.1 ","5,984.4 ","20,312.5 ","-2,480.9 ","17,358.4 ","12,191.5 ",-113.7 ,"2,714.8 ","11,249.3 ","8,534.5 ",,"1,222.1 ","4,342.5 ","3,120.4 ","122,216.5 ",,"118,279.6 ","88,843.5 ","29,436.2 ",,"38,488.4 ",,"123,588.9 ",,,,,,
4- 6.,"122,715.4 ","65,857.9 ","64,592.1 ","55,891.3 ","6,320.7 ","17,545.6 ",820.6 ,"20,182.0 ","9,672.2 ",31.8 ,"2,284.6 ","10,981.7 ","8,697.1 ",,"1,210.9 ","3,872.8 ","2,661.9 ","123,926.3 ",,"120,430.8 ","90,544.7 ","29,886.0 ",,"33,538.5 ",,"121,862.9 ",,,,,,
7- 9.,"123,398.9 ","67,964.3 ","66,824.0 ","58,010.2 ","7,386.7 ","18,933.2 ",-430.3 ,"16,696.6 ","10,588.9 ",114.1 ,"2,145.5 ","11,235.3 ","9,089.8 ",,921.8 ,"3,959.1 ","3,037.3 ","124,320.8 ",,"121,253.5 ","93,853.9 ","27,399.5 ",,"36,908.8 ",,"123,715.2 ",,,,,,
10-12.,"134,429.0 ","69,592.0 ","67,955.7 ","59,021.7 ","6,956.1 ","18,746.3 ","1,902.1 ","21,137.1 ","13,371.5 ",325.1 ,"2,398.6 ","11,690.6 ","9,292.0 ",,900.6 ,"3,799.0 ","2,898.4 ","135,329.6 ",,"132,030.4 ","97,196.6 ","34,833.8 ",,"39,074.0 ",,"132,201.7 ",,,,,,
1995/ 1- 3.,"122,207.9 ","66,561.9 ","65,914.3 ","56,909.7 ","6,275.5 ","20,836.2 ","-2,881.2 ","18,337.4 ","11,246.8 ",-46.4 ,"1,877.6 ","11,245.4 ","9,367.8 ",,"1,172.8 ","4,658.9 ","3,486.1 ","123,380.7 ",,"120,330.3 ","90,792.5 ","29,537.8 ",,"38,358.5 ",,"125,135.5 ",,,,,,
4- 6.,"125,394.0 ","67,080.7 ","65,739.7 ","56,639.6 ","6,094.1 ","18,638.7 ","1,844.4 ","21,010.4 ","9,077.8 ",-31.6 ,"1,679.5 ","10,665.0 ","8,985.6 ",,"1,034.4 ","3,936.2 ","2,901.8 ","126,428.4 ",,"123,714.5 ","93,657.9 ","30,056.6 ",,"33,810.6 ",,"123,581.2 ",,,,,,
7- 9.,"126,404.8 ","69,240.5 ","68,052.3 ","58,840.8 ","6,386.1 ","20,620.8 ",67.1 ,"17,411.5 ","11,130.4 ",-9.0 ,"1,557.5 ","11,667.4 ","10,110.0 ",,"1,120.1 ","4,957.3 ","3,837.2 ","127,524.9 ",,"124,847.3 ","96,314.5 ","28,532.9 ",,"38,137.3 ",,"126,346.8 ",,,,,,
10-12.,"138,535.0 ","71,281.9 ","69,587.6 ","60,285.4 ","6,438.6 ","20,354.1 ","2,601.3 ","21,976.2 ","14,321.3 ",197.0 ,"1,364.5 ","12,406.3 ","11,041.9 ",,"1,108.3 ","4,736.8 ","3,628.5 ","139,643.3 ",,"137,170.5 ","100,676.0 ","36,494.6 ",,"41,114.1 ",,"135,736.7 ",,,,,,
1996/ 1- 3.,"125,867.9 ","67,785.8 ","67,077.4 ","57,702.2 ","6,306.6 ","21,831.9 ","-3,136.3 ","18,850.9 ","13,261.1 ",117.8 ,850.0 ,"12,130.7 ","11,280.8 ",,"1,615.1 ","3,521.1 ","1,906.0 ","127,483.0 ",,"125,017.9 ","92,788.0 ","32,229.9 ",,"41,399.7 ",,"128,886.4 ",,,,,,
4- 6.,"129,257.3 ","68,766.6 ","67,391.5 ","57,893.1 ","6,693.2 ","19,309.5 ","2,507.8 ","21,742.3 ","10,060.2 ",-39.6 ,217.3 ,"11,897.1 ","11,679.8 ",,"1,684.4 ","3,215.8 ","1,531.3 ","130,941.7 ",,"129,040.0 ","97,277.2 ","31,762.9 ",,"36,062.9 ",,"126,789.1 ",,,,,,
7- 9.,"128,906.7 ","70,579.2 ","69,368.8 ","59,751.3 ","7,528.4 ","21,480.9 ",-124.2 ,"17,993.4 ","11,036.8 ",-8.8 ,421.1 ,"12,390.4 ","11,969.3 ",,"1,514.3 ","3,080.7 ","1,566.3 ","130,421.1 ",,"128,485.7 ","99,464.3 ","29,021.4 ",,"40,046.1 ",,"129,039.7 ",,,,,,
10-12.,"141,775.0 ","72,876.0 ","71,164.4 ","61,439.2 ","7,629.0 ","20,854.7 ","2,945.5 ","22,641.4 ","13,854.1 ",182.6 ,791.8 ,"13,423.4 ","12,631.6 ",,"1,386.0 ","2,878.3 ","1,492.2 ","143,161.0 ",,"140,983.2 ","104,305.1 ","36,678.1 ",,"42,337.7 ",,"138,646.9 ",,,,,,
1997/ 1- 3.,"128,903.5 ","70,671.6 ","69,907.8 ","60,096.0 ","6,910.1 ","23,025.8 ","-3,806.5 ","19,540.4 ","12,065.1 ",38.2 ,458.9 ,"13,604.8 ","13,145.9 ",,"1,955.6 ","3,704.2 ","1,748.5 ","130,859.1 ",,"128,444.6 ","96,801.0 ","31,643.7 ",,"42,001.0 ",,"132,671.8 ",,,,,,
4- 6.,"131,550.1 ","69,827.9 ","68,444.1 ","58,510.7 ","6,344.1 ","19,763.1 ","2,455.5 ","22,437.5 ","9,394.5 ",-48.9 ,"1,376.5 ","13,913.6 ","12,537.1 ",,"1,786.1 ","3,378.9 ","1,592.8 ","133,336.2 ",,"130,173.6 ","98,390.6 ","31,783.0 ",,"35,501.6 ",,"129,143.5 ",,,,,,
7- 9.,"131,128.8 ","71,758.0 ","70,555.1 ","60,516.7 ","6,267.4 ","21,909.3 ",677.1 ,"18,260.1 ","10,827.3 ",-18.0 ,"1,447.7 ","13,856.7 ","12,409.0 ",,"1,500.8 ","3,154.3 ","1,653.5 ","132,629.7 ",,"129,681.2 ","100,611.7 ","29,069.4 ",,"39,003.9 ",,"130,469.8 ",,,,,,
10-12.,"142,560.1 ","72,934.4 ","71,232.6 ","61,115.3 ","5,791.0 ","21,719.5 ","3,400.6 ","23,085.8 ","13,070.1 ",196.0 ,"2,362.7 ","14,970.7 ","12,608.0 ",,"1,593.5 ","3,283.4 ","1,689.9 ","144,153.6 ",,"140,197.4 ","103,845.5 ","36,351.9 ",,"40,580.6 ",,"138,963.5 ",,,,,,
1998/ 1- 3.,"128,154.4 ","69,571.2 ","68,803.7 ","58,605.2 ","5,408.8 ","23,380.1 ","-2,945.2 ","19,779.2 ","10,958.1 ",73.3 ,"1,928.9 ","13,967.4 ","12,038.5 ",,"1,998.1 ","3,755.2 ","1,757.1 ","130,152.5 ",,"126,225.5 ","95,414.9 ","30,810.6 ",,"39,747.0 ",,"131,026.2 ",,,,,,
4- 6.,"129,954.9 ","69,517.6 ","67,935.9 ","57,682.6 ","5,343.5 ","19,541.1 ","2,364.6 ","22,524.5 ","8,225.2 ",-15.4 ,"2,453.7 ","13,943.1 ","11,489.5 ",,"1,440.9 ","3,202.2 ","1,761.2 ","131,395.8 ",,"127,501.2 ","96,766.8 ","30,734.4 ",,"33,109.9 ",,"127,605.7 ",,,,,,
7- 9.,"128,775.7 ","71,409.1 ","70,042.3 ","59,705.6 ","5,549.2 ","21,581.4 ",-664.8 ,"18,463.1 ","9,871.6 ",-59.7 ,"2,625.7 ","14,400.1 ","11,774.5 ",,"1,656.7 ","3,188.5 ","1,531.7 ","130,432.4 ",,"126,150.0 ","97,875.0 ","28,275.1 ",,"37,002.2 ",,"129,500.1 ",,,,,,
10-12.,"140,992.0 ","72,991.8 ","71,087.0 ","60,732.7 ","5,192.1 ","20,009.3 ","3,007.0 ","23,504.1 ","13,785.4 ",-80.6 ,"2,583.1 ","13,245.6 ","10,662.6 ",,"1,297.5 ","2,480.4 ","1,182.8 ","142,289.6 ",,"138,409.0 ","101,200.0 ","37,208.9 ",,"38,986.8 ",,"138,065.7 ",,,,,,
1999/ 1- 3.,"126,281.5 ","69,912.7 ","68,973.2 ","58,593.9 ","4,856.7 ","21,419.8 ","-4,687.6 ","20,210.1 ","12,432.0 ",13.7 ,"2,124.0 ","12,454.4 ","10,330.5 ",,"1,530.8 ","2,931.5 ","1,400.6 ","127,812.3 ",,"124,157.5 ","91,501.7 ","32,655.8 ",,"38,708.6 ",,"130,955.3 ",,,,,,
4- 6.,"128,489.3 ","69,944.3 ","68,286.4 ","57,846.6 ","5,305.6 ","17,916.0 ","1,079.9 ","23,151.2 ","9,149.9 ",-40.2 ,"1,982.7 ","12,768.7 ","10,786.0 ",,"1,572.7 ","2,749.4 ","1,176.7 ","130,062.0 ",,"126,506.6 ","94,245.8 ","32,260.9 ",,"32,371.5 ",,"127,449.6 ",,,,,,
7- 9.,"127,361.5 ","71,825.5 ","70,357.4 ","59,850.1 ","5,766.0 ","20,023.7 ","-1,456.9 ","18,960.5 ","10,209.7 ",-33.3 ,"2,066.4 ","13,194.5 ","11,128.1 ",,"1,657.6 ","2,663.4 ","1,005.8 ","129,019.1 ",,"125,295.1 ","96,158.3 ","29,136.8 ",,"35,999.4 ",,"128,851.7 ",,,,,,
10-12.,"137,519.5 ","73,111.2 ","71,146.0 ","60,588.9 ","5,329.9 ","19,403.9 ","1,480.2 ","23,534.7 ","12,813.7 ",-59.3 ,"1,905.3 ","13,296.8 ","11,391.5 ",,"1,488.4 ","2,444.8 ",956.4 ,"139,007.9 ",,"135,614.2 ","99,325.2 ","36,289.1 ",,"37,547.5 ",,"136,098.6 ",,,,,,
2000/ 1- 3.,"128,553.4 ","70,936.9 ","69,879.2 ","59,276.5 ","5,068.2 ","22,572.5 ","-4,162.6 ","20,724.7 ","11,257.8 ",81.5 ,"2,074.4 ","13,502.3 ","11,427.9 ",,"1,915.2 ","3,107.6 ","1,192.4 ","130,468.7 ",,"126,479.1 ","94,415.0 ","32,064.1 ",,"38,898.5 ",,"132,634.5 ",,,,,,
4- 6.,"130,062.3 ","70,264.3 ","68,804.6 ","58,133.8 ","5,240.2 ","18,081.1 ","2,366.9 ","23,771.6 ","8,291.3 ",-20.2 ,"2,067.0 ","13,739.4 ","11,672.4 ",,"1,931.9 ","3,024.7 ","1,092.8 ","131,994.2 ",,"127,995.3 ","95,952.5 ","32,042.8 ",,"31,612.7 ",,"127,715.6 ",,,,,,
7- 9.,"128,854.0 ","71,678.1 ","70,337.4 ","59,614.1 ","5,505.4 ","21,290.0 ",-914.7 ,"19,902.9 ","9,354.1 ",-34.1 ,"2,072.3 ","14,265.9 ","12,193.6 ",,"2,004.0 ","3,042.9 ","1,038.9 ","130,857.9 ",,"126,781.6 ","97,558.7 ","29,222.9 ",,"36,149.5 ",,"129,802.8 ",,,,,,
10-12.,"139,236.3 ","73,709.5 ","71,976.7 ","61,197.4 ","5,462.3 ","20,824.5 ","2,290.0 ","24,361.4 ","11,289.8 ",-15.7 ,"1,314.5 ","14,452.0 ","13,137.5 ",,"1,673.0 ","2,813.8 ","1,140.8 ","140,909.3 ",,"137,921.8 ","102,286.3 ","35,635.5 ",,"37,576.6 ",,"136,961.9 ",,,,,,
2001/ 1- 3.,"130,294.1 ","71,483.1 ","70,561.7 ","59,759.8 ","5,107.7 ","23,333.7 ","-3,309.9 ","21,479.9 ","11,142.1 ",52.4 ,"1,005.0 ","13,943.0 ","12,938.0 ",,"2,387.7 ","3,558.2 ","1,170.5 ","132,681.8 ",,"129,289.1 ","96,614.7 ","32,674.4 ",,"39,583.5 ",,"133,551.6 ",,,,,,
4- 6.,"130,086.7 ","71,575.0 ","70,069.8 ","59,180.4 ","4,859.1 ","18,270.6 ","2,663.2 ","24,542.9 ","7,660.9 ",-64.7 ,579.7 ,"13,376.3 ","12,796.6 ",,"1,844.8 ","3,100.5 ","1,255.7 ","131,931.6 ",,"129,507.1 ","97,368.0 ","32,139.1 ",,"30,790.6 ",,"127,488.2 ",,,,,,
7- 9.,"127,068.5 ","72,473.8 ","71,065.0 ","60,122.4 ","5,132.6 ","20,486.0 ","-1,102.4 ","20,568.5 ","8,736.8 ",-71.0 ,844.2 ,"13,150.4 ","12,306.2 ",,"2,002.5 ","3,053.9 ","1,051.4 ","129,071.0 ",,"126,224.3 ","96,990.0 ","29,234.3 ",,"34,355.4 ",,"128,241.9 ",,,,,,
10-12.,"135,555.6 ","73,400.7 ","71,597.5 ","60,607.7 ","5,012.6 ","18,526.6 ","1,929.6 ","25,116.0 ","10,565.3 ",-18.4 ,"1,023.3 ","13,029.0 ","12,005.7 ",,"1,736.1 ","2,694.8 ",958.7 ,"137,291.7 ",,"134,532.3 ","98,869.5 ","35,662.8 ",,"34,104.5 ",,"133,644.5 ",,,,,,
2002/ 1- 3.,"126,478.3 ","71,181.1 ","70,143.8 ","59,125.4 ","4,651.1 ","20,710.4 ","-4,434.7 ","22,366.6 ","10,326.4 ",17.1 ,"1,660.3 ","13,642.7 ","11,982.4 ",,"2,336.2 ","3,174.9 ",838.7 ,"128,814.5 ",,"124,818.0 ","92,107.9 ","32,710.1 ",,"35,687.9 ",,"130,895.9 ",,,,,,
4- 6.,"127,907.5 ","71,335.0 ","69,934.1 ","58,906.4 ","4,708.5 ","16,376.9 ","1,446.9 ","24,928.6 ","7,198.7 ",-17.8 ,"1,930.7 ","14,204.2 ","12,273.5 ",,"1,667.2 ","2,701.7 ","1,034.5 ","129,574.8 ",,"125,976.9 ","93,867.3 ","32,109.6 ",,"28,284.1 ",,"126,478.4 ",,,,,,
7- 9.,"126,269.8 ","72,364.6 ","71,029.5 ","59,966.8 ","5,043.0 ","18,980.8 ",-908.1 ,"20,963.7 ","8,205.3 ",-21.4 ,"1,641.9 ","14,003.4 ","12,361.5 ",,"1,878.8 ","2,814.1 ",935.3 ,"128,148.7 ",,"124,628.0 ","95,480.3 ","29,147.7 ",,"32,229.1 ",,"127,199.4 ",,,,,,
10-12.,"135,330.6 ","73,382.9 ","71,670.8 ","60,577.7 ","4,847.2 ","18,063.6 ","2,046.3 ","25,274.5 ","10,040.2 ",-61.5 ,"1,737.3 ","15,002.3 ","13,265.0 ",,"1,430.9 ","2,394.4 ",963.5 ,"136,761.5 ",,"133,593.3 ","98,340.0 ","35,253.3 ",,"32,951.0 ",,"133,345.7 ",,,,,,
2003/ 1- 3.,"125,346.5 ","71,226.6 ","70,251.1 ","59,123.0 ","4,497.3 ","20,231.2 ","-3,666.7 ","21,819.8 ","9,612.3 ",17.6 ,"1,608.4 ","14,587.6 ","12,979.2 ",,"2,226.7 ","3,032.0 ",805.3 ,"127,573.3 ",,"123,738.2 ","92,288.5 ","31,449.7 ",,"34,340.9 ",,"128,995.6 ",,,,,,
4- 6.,"128,074.9 ","70,682.6 ","69,199.5 ","58,024.0 ","4,554.1 ","16,639.1 ","1,746.1 ","25,480.2 ","6,793.1 ",4.8 ,"2,174.9 ","14,600.0 ","12,425.1 ",,"1,783.8 ","2,753.8 ",970.0 ,"129,858.7 ",,"125,900.0 ","93,621.9 ","32,278.1 ",,"27,986.3 ",,"126,324.1 ",,,,,,
7- 9.,"126,317.5 ","71,526.5 ","70,106.4 ","58,883.6 ","5,066.9 ","18,596.0 ",78.8 ,"21,173.6 ","7,547.0 ",-30.0 ,"2,358.8 ","15,141.5 ","12,782.7 ",,"2,406.4 ","3,161.6 ",755.2 ,"128,723.9 ",,"123,958.7 ","95,268.2 ","28,690.5 ",,"31,209.8 ",,"126,268.8 ",,,,,,
10-12.,"135,661.8 ","73,714.4 ","71,890.2 ","60,636.4 ","4,856.8 ","18,514.5 ","1,614.0 ","25,295.1 ","9,181.4 ",-110.7 ,"2,596.3 ","15,660.0 ","13,063.7 ",,"1,722.2 ","2,542.5 ",820.3 ,"137,384.0 ",,"133,065.5 ","98,699.7 ","34,365.8 ",,"32,552.6 ",,"134,158.4 ",,,,,,
2004/ 1- 3.,"127,665.3 ","71,551.2 ","70,490.8 ","59,161.0 ","4,580.6 ","20,683.3 ","-2,693.7 ","21,892.1 ","8,874.3 ",-57.5 ,"2,835.0 ","16,083.4 ","13,248.4 ",,"2,637.2 ","3,351.9 ",714.7 ,"130,302.5 ",,"124,830.3 ","94,121.3 ","30,708.9 ",,"34,138.2 ",,"130,416.5 ",,,,,,
4- 6.,"128,884.3 ","71,149.4 ","69,694.4 ","58,315.0 ","4,692.2 ","16,902.9 ","2,029.1 ","25,296.9 ","6,101.0 ",-4.0 ,"2,716.8 ","16,630.9 ","13,914.0 ",,"2,278.7 ","3,299.7 ","1,021.0 ","131,163.0 ",,"126,167.5 ","94,773.6 ","31,393.9 ",,"27,696.1 ",,"126,859.2 ",,,,,,
7- 9.,"127,822.3 ","72,637.4 ","71,240.4 ","59,817.1 ","5,105.6 ","19,276.8 ",187.9 ,"21,235.5 ","6,814.4 ",-1.7 ,"2,566.3 ","17,172.7 ","14,606.3 ",,"2,665.1 ","3,478.9 ",813.8 ,"130,487.3 ",,"125,255.9 ","97,207.7 ","28,048.2 ",,"31,196.8 ",,"127,636.1 ",,,,,,
10-12.,"136,593.6 ","73,937.3 ","72,100.4 ","60,618.2 ","5,003.1 ","18,782.2 ","2,088.8 ","25,885.5 ","8,481.5 ",1.0 ,"2,414.2 ","17,692.9 ","15,278.6 ",,"2,208.5 ","3,232.4 ","1,023.9 ","138,802.1 ",,"134,179.4 ","99,811.4 ","34,368.0 ",,"32,266.8 ",,"134,503.8 ",,,,,,
2005/ 1- 3.,"128,048.3 ","71,781.3 ","70,745.4 ","59,208.7 ","4,623.6 ","21,779.2 ","-2,895.6 ","22,041.5 ","8,521.0 ",43.0 ,"2,154.3 ","16,888.6 ","14,734.2 ",,"2,979.2 ","3,931.2 ",952.0 ,"131,027.5 ",,"125,894.0 ","95,288.5 ","30,605.5 ",,"34,923.8 ",,"130,900.9 ",,,,,,
4- 6.,"129,670.2 ","71,668.8 ","70,191.5 ","58,604.6 ","4,579.4 ","18,544.8 ","2,045.2 ","25,521.8 ","5,408.6 ",-7.1 ,"1,908.8 ","17,602.2 ","15,693.4 ",,"2,519.8 ","3,980.7 ","1,460.8 ","132,190.0 ",,"127,761.4 ","96,838.2 ","30,923.3 ",,"28,532.8 ",,"127,632.1 ",,,,,,
7- 9.,"128,696.8 ","73,224.0 ","71,782.0 ","60,142.7 ","5,073.2 ","21,167.2 ",-70.1 ,"21,370.8 ","6,266.1 ",4.7 ,"1,660.7 ","18,633.5 ","16,972.8 ",,"3,233.1 ","4,230.9 ",997.7 ,"131,929.9 ",,"127,036.1 ","99,394.3 ","27,641.7 ",,"32,506.6 ",,"128,762.1 ",,,,,,
10-12.,"137,717.6 ","74,869.1 ","72,952.6 ","61,234.1 ","5,089.9 ","20,065.0 ","1,661.5 ","26,024.3 ","7,823.8 ",-3.4 ,"2,187.5 ","20,319.5 ","18,132.0 ",,"2,630.1 ","4,088.4 ","1,458.2 ","140,347.7 ",,"135,530.1 ","101,685.4 ","33,844.7 ",,"32,978.7 ",,"136,059.4 ",,,,,,
2006/ 1- 3.,"129,558.1 ","73,153.4 ","72,069.2 ","60,304.2 ","4,727.4 ","22,561.7 ","-3,163.8 ","22,033.5 ","8,397.6 ",28.8 ,"1,819.6 ","20,052.0 ","18,232.4 ",,"4,035.9 ","5,219.7 ","1,183.7 ","133,594.0 ",,"127,738.5 ","97,278.7 ","30,459.9 ",,"35,686.7 ",,"132,693.1 ",,,,,,
4- 6.,"130,029.9 ","72,503.6 ","71,013.9 ","59,202.6 ","4,713.4 ","18,897.0 ","1,672.2 ","25,452.4 ","5,362.1 ",-21.1 ,"1,450.4 ","20,086.7 ","18,636.3 ",,"2,950.7 ","4,905.8 ","1,955.1 ","132,980.6 ",,"128,579.5 ","97,786.1 ","30,793.4 ",,"28,972.4 ",,"128,378.8 ",,,,,,
7- 9.,"128,128.4 ","73,098.7 ","71,631.9 ","59,794.4 ","5,176.9 ","21,136.3 ",-118.8 ,"21,294.5 ","5,774.2 ",-3.2 ,"1,769.8 ","21,284.6 ","19,514.8 ",,"3,866.2 ","5,164.4 ","1,298.2 ","131,994.6 ",,"126,358.6 ","99,293.1 ","27,065.5 ",,"32,087.4 ",,"128,250.4 ",,,,,,
10-12.,"139,163.3 ","75,688.2 ","73,706.9 ","61,816.8 ","5,191.7 ","20,800.8 ","1,786.9 ","25,809.7 ","7,493.2 ",-17.7 ,"2,410.5 ","22,207.9 ","19,797.4 ",,"2,946.0 ","4,913.4 ","1,967.4 ","142,109.3 ",,"136,752.8 ","103,467.6 ","33,285.2 ",,"33,485.7 ",,"137,394.0 ",,,,,,
2007/ 1- 3.,"131,712.0 ","73,307.8 ","72,221.3 ","60,271.8 ","4,816.5 ","23,584.9 ","-2,407.9 ","21,945.1 ","7,805.5 ",6.7 ,"2,653.6 ","22,216.5 ","19,562.9 ",,"4,817.5 ","6,262.6 ","1,445.1 ","136,529.5 ",,"129,058.4 ","99,301.2 ","29,757.2 ",,"36,206.8 ",,"134,113.2 ",,,,,,
4- 6.,"131,836.0 ","73,205.4 ","71,769.6 ","59,775.4 ","4,726.5 ","19,131.0 ","1,885.3 ","25,673.0 ","5,018.2 ",27.1 ,"2,169.5 ","22,787.3 ","20,617.8 ",,"3,683.7 ","5,949.9 ","2,266.2 ","135,519.7 ",,"129,666.5 ","98,948.2 ","30,718.4 ",,"28,875.8 ",,"129,923.6 ",,,,,,
7- 9.,"129,386.6 ","73,697.3 ","72,227.4 ","60,185.2 ","4,677.6 ","20,982.1 ",110.1 ,"21,475.4 ","5,649.7 ",-10.8 ,"2,805.1 ","23,597.1 ","20,792.0 ",,"4,280.1 ","6,043.9 ","1,763.8 ","133,666.7 ",,"126,581.5 ","99,467.1 ","27,114.4 ",,"31,309.5 ",,"129,287.3 ",,,,,,
10-12.,"138,753.6 ","75,824.0 ","73,905.0 ","61,809.2 ","4,059.2 ","20,369.5 ","2,327.5 ","26,321.2 ","7,410.8 ",6.1 ,"2,435.3 ","24,409.0 ","21,973.7 ",,"3,181.2 ","5,459.5 ","2,278.3 ","141,934.8 ",,"136,318.3 ","102,580.2 ","33,738.1 ",,"31,839.5 ",,"136,420.0 ",,,,,,
2008/ 1- 3.,"130,946.6 ","74,115.5 ","73,024.4 ","60,870.9 ","3,942.2 ","23,400.8 ","-2,585.0 ","22,411.7 ","7,618.8 ",69.5 ,"1,973.0 ","23,565.0 ","21,592.0 ",,"4,879.1 ","6,181.5 ","1,302.4 ","135,825.7 ",,"128,973.6 ","98,873.6 ","30,100.0 ",,"34,961.8 ",,"133,462.1 ",,,,,,
4- 6.,"129,711.6 ","72,694.3 ","71,284.6 ","59,092.5 ","4,149.6 ","18,838.8 ","2,682.5 ","25,581.0 ","4,894.2 ",-5.9 ,877.0 ,"23,312.4 ","22,435.4 ",,"2,701.6 ","4,921.1 ","2,219.5 ","132,413.2 ",,"128,834.6 ","98,365.3 ","30,469.3 ",,"27,882.6 ",,"127,035.0 ",,,,,,
7- 9.,"126,389.4 ","74,167.4 ","72,698.1 ","60,446.3 ","4,714.7 ","20,655.1 ",-415.6 ,"21,515.6 ","5,645.4 ",-42.0 ,148.7 ,"24,577.6 ","24,428.9 ",,"3,835.5 ","5,111.8 ","1,276.3 ","130,224.8 ",,"126,240.6 ","99,121.5 ","27,119.1 ",,"31,015.2 ",,"126,847.0 ",,,,,,
10-12.,"133,668.1 ","73,975.2 ","72,094.9 ","59,831.9 ","4,685.8 ","19,152.4 ","3,319.3 ","26,092.2 ","7,077.7 ",26.1 ,-660.5 ,"19,274.7 ","19,935.2 ",,"2,227.8 ","3,953.7 ","1,725.9 ","135,895.9 ",,"134,328.6 ","101,132.7 ","33,195.9 ",,"30,915.9 ",,"130,322.7 ",,,,,,
2009/ 1- 3.,"119,712.9 ","70,580.4 ","69,509.9 ","57,244.5 ","3,979.4 ","20,195.0 ","-3,923.1 ","22,150.1 ","7,497.3 ",-4.6 ,-761.6 ,"13,267.3 ","14,028.9 ",,"3,366.0 ","4,344.9 ",978.9 ,"123,078.8 ",,"120,474.4 ","90,831.7 ","29,642.7 ",,"31,671.8 ",,"123,640.6 ",,,,,,
4- 6.,"121,352.8 ","70,391.5 ","68,979.5 ","56,698.9 ","3,464.1 ","15,697.3 ",300.3 ,"25,556.3 ","5,270.4 ",7.4 ,665.6 ,"14,503.8 ","13,838.3 ",,"2,891.9 ","4,397.8 ","1,505.9 ","124,244.8 ",,"120,687.3 ","89,853.2 ","30,834.1 ",,"24,431.8 ",,"121,045.2 ",,,,,,
7- 9.,"119,512.4 ","71,865.6 ","70,373.1 ","58,082.2 ","3,465.0 ","16,829.6 ","-1,664.0 ","22,044.0 ","5,913.5 ",-11.2 ,"1,070.1 ","16,141.2 ","15,071.2 ",,"3,388.2 ","4,277.2 ",889.0 ,"122,900.7 ",,"118,442.4 ","90,496.1 ","27,946.3 ",,"26,208.0 ",,"121,187.7 ",,,,,,
10-12.,"128,922.9 ","73,475.3 ","71,611.4 ","59,306.6 ","3,365.4 ","16,245.4 ",205.5 ,"26,361.5 ","7,536.7 ",10.4 ,"1,722.8 ","17,377.6 ","15,654.9 ",,"2,318.7 ","3,518.4 ","1,199.7 ","131,241.6 ",,"127,200.1 ","93,291.6 ","33,908.6 ",,"27,147.5 ",,"128,707.0 ",,,,,,
2010/ 1- 3.,"122,168.8 ","71,193.9 ","70,072.3 ","57,767.1 ","3,251.4 ","18,743.4 ","-3,517.2 ","22,593.9 ","7,850.5 ",33.2 ,"2,019.8 ","18,140.5 ","16,120.8 ",,"3,726.1 ","4,622.2 ",896.1 ,"125,895.0 ",,"120,149.1 ","89,671.4 ","30,477.6 ",,"29,845.3 ",,"125,652.8 ",,,,,,
4- 6.,"123,409.3 ","71,081.2 ","69,582.9 ","57,271.4 ","3,218.8 ","15,273.4 ","1,056.3 ","26,067.0 ","4,983.5 ",-7.8 ,"1,736.8 ","18,996.0 ","17,259.2 ",,"2,867.6 ","4,518.5 ","1,650.9 ","126,276.9 ",,"121,672.5 ","90,629.7 ","31,042.8 ",,"23,475.8 ",,"122,360.8 ",,,,,,
7- 9.,"124,112.9 ","73,138.5 ","71,586.8 ","59,256.8 ","3,507.5 ","17,015.6 ",453.0 ,"22,449.7 ","5,730.6 ",-57.6 ,"1,875.4 ","18,979.4 ","17,104.0 ",,"3,757.6 ","4,689.9 ",932.3 ,"127,870.4 ",,"122,237.4 ","94,114.6 ","28,122.8 ",,"26,253.7 ",,"123,717.4 ",,,,,,
10-12.,"130,663.0 ","73,542.8 ","71,622.6 ","59,272.7 ","3,659.2 ","16,562.0 ","1,890.7 ","26,416.4 ","6,928.2 ",-12.0 ,"1,675.7 ","19,120.9 ","17,445.2 ",,"2,573.7 ","3,984.4 ","1,410.7 ","133,236.7 ",,"128,987.3 ","95,654.7 ","33,332.5 ",,"27,149.4 ",,"128,784.3 ",,,,,,
2011/ 1- 3.,"121,243.9 ","69,978.1 ","68,773.3 ","56,435.1 ","3,478.9 ","19,269.5 ","-2,366.7 ","23,220.1 ","7,021.0 ",16.7 ,626.4 ,"18,817.1 ","18,190.7 ",,"4,054.7 ","4,990.1 ",935.4 ,"125,298.5 ",,"120,617.4 ","90,359.7 ","30,257.7 ",,"29,769.4 ",,"123,593.9 ",,,,,,
4- 6.,"119,748.3 ","69,846.7 ","68,198.3 ","55,896.4 ","3,330.7 ","15,149.8 ","1,480.3 ","26,408.6 ","4,877.5 ",6.7 ,"-1,352.0 ","17,512.5 ","18,864.5 ",,"3,349.7 ","4,918.6 ","1,568.9 ","123,098.1 ",,"121,100.4 ","89,807.5 ","31,292.8 ",,"23,358.0 ",,"118,261.3 ",,,,,,
7- 9.,"121,518.8 ","72,352.5 ","70,666.6 ","58,351.3 ","3,775.0 ","17,205.1 ",384.6 ,"22,816.2 ","5,505.5 ",3.7 ,-523.9 ,"18,870.3 ","19,394.2 ",,"3,970.6 ","4,914.1 ",943.5 ,"125,489.5 ",,"122,042.8 ","93,717.3 ","28,325.5 ",,"26,485.7 ",,"121,130.5 ",,,,,,
10-12.,"128,897.4 ","74,077.6 ","72,011.5 ","59,682.4 ","3,753.3 ","17,782.0 ","1,447.9 ","26,759.6 ","6,489.1 ",6.8 ,"-1,418.9 ","18,142.9 ","19,561.8 ",,"2,545.0 ","3,896.6 ","1,351.6 ","131,442.5 ",,"130,316.4 ","97,060.8 ","33,255.6 ",,"28,024.4 ",,"127,442.7 ",,,,,,
2012/ 1- 3.,"123,877.8 ","72,365.1 ","71,015.5 ","58,677.4 ","3,431.1 ","20,274.1 ","-1,948.1 ","23,757.9 ","7,321.5 ",9.4 ,"-1,333.1 ","18,573.7 ","19,906.8 ",,"3,741.5 ","4,663.4 ",921.9 ,"127,619.4 ",,"125,211.0 ","94,122.2 ","31,088.8 ",,"31,026.8 ",,"125,816.6 ",,,,,,
4- 6.,"122,133.2 ","71,406.2 ","69,647.1 ","57,299.3 ","3,438.5 ","16,338.0 ","1,329.9 ","26,483.0 ","4,866.1 ",19.9 ,"-1,748.5 ","18,486.1 ","20,234.6 ",,"3,091.4 ","4,828.6 ","1,737.2 ","125,224.6 ",,"123,881.7 ","92,512.7 ","31,369.0 ",,"24,642.7 ",,"120,783.4 ",,,,,,
7- 9.,"120,578.9 ","72,267.6 ","70,498.7 ","58,143.7 ","3,767.7 ","17,793.3 ",349.3 ,"23,029.6 ","5,476.0 ",11.4 ,"-2,115.9 ","17,523.2 ","19,639.1 ",,"3,797.5 ","4,736.0 ",938.5 ,"124,376.4 ",,"122,694.8 ","94,177.8 ","28,517.0 ",,"27,036.9 ",,"120,218.3 ",,,,,,
10-12.,"128,367.2 ","74,202.8 ","72,011.7 ","59,636.7 ","3,936.3 ","17,563.6 ","1,381.5 ","26,970.4 ","6,759.5 ",10.8 ,"-2,457.6 ","17,407.2 ","19,864.8 ",,"2,627.5 ","4,157.2 ","1,529.7 ","130,994.7 ",,"130,824.8 ","97,084.1 ","33,740.7 ",,"28,259.4 ",,"126,975.0 ",,,,,,
2013/ 1- 3.,"123,290.4 ","72,958.4 ","71,495.6 ","59,113.8 ","3,772.7 ","20,164.0 ","-2,318.7 ","23,875.3 ","7,296.6 ",-23.1 ,"-2,434.8 ","19,112.6 ","21,547.4 ",,"4,193.8 ","5,302.9 ","1,109.1 ","127,484.3 ",,"125,725.3 ","94,576.4 ","31,148.9 ",,"31,233.3 ",,"125,632.2 ",,,,,,
4- 6.,"123,962.3 ","72,677.8 ","70,910.2 ","58,518.4 ","3,712.9 ","16,807.6 ",858.7 ,"27,003.3 ","5,019.3 ",5.9 ,"-2,123.3 ","20,228.9 ","22,352.1 ",,"4,509.6 ","6,678.5 ","2,169.0 ","128,471.8 ",,"126,085.5 ","94,057.0 ","32,028.5 ",,"25,539.8 ",,"123,097.6 ",,,,,,
7- 9.,"124,080.0 ","74,575.8 ","72,791.5 ","60,382.7 ","4,168.7 ","18,890.0 ",-177.7 ,"23,421.2 ","6,203.9 ",-27.8 ,"-2,974.1 ","20,174.3 ","23,148.3 ",,"4,880.0 ","6,321.9 ","1,442.0 ","128,960.0 ",,"127,054.1 ","97,456.8 ","29,597.2 ",,"29,262.6 ",,"124,285.5 ",,,,,,
10-12.,"131,842.8 ","76,460.7 ","74,248.7 ","61,827.3 ","4,447.3 ","19,082.9 ",972.7 ,"27,169.4 ","7,815.5 ",19.4 ,"-4,125.1 ","20,566.7 ","24,691.7 ",,"3,308.6 ","5,369.0 ","2,060.5 ","135,151.4 ",,"135,967.9 ","100,963.6 ","35,004.3 ",,"31,345.8 ",,"130,850.8 ",,,,,,
2014/ 1- 3.,"127,370.1 ","76,103.9 ","74,597.8 ","62,160.5 ","4,297.8 ","22,683.2 ","-3,251.4 ","24,253.2 ","7,857.9 ",41.2 ,"-4,615.7 ","21,822.1 ","26,437.7 ",,"4,751.7 ","6,340.5 ","1,588.9 ","132,121.7 ",,"131,985.7 ","99,833.5 ","32,152.3 ",,"34,838.8 ",,"130,580.3 ",,,,,,
4- 6.,"126,615.9 ","72,799.3 ","71,117.8 ","58,682.1 ","3,858.1 ","17,741.7 ","2,133.9 ","27,497.6 ","5,217.7 ",0.8 ,"-2,633.3 ","21,770.4 ","24,403.6 ",,"4,000.2 ","6,796.8 ","2,796.6 ","130,616.1 ",,"129,249.2 ","96,533.1 ","32,716.1 ",,"26,817.6 ",,"124,481.2 ",,,,,,
7- 9.,"125,507.4 ","74,671.9 ","72,991.9 ","60,546.5 ","3,865.8 ","19,747.1 ",34.9 ,"23,934.3 ","6,310.5 ",44.2 ,"-3,101.3 ","22,251.6 ","25,352.8 ",,"5,512.2 ","7,240.0 ","1,727.8 ","131,019.6 ",,"128,608.7 ","98,319.7 ","30,289.0 ",,"29,923.4 ",,"125,428.3 ",,,,,,
10-12.,"134,382.6 ","76,508.0 ","74,370.7 ","61,913.8 ","3,937.3 ","19,772.5 ",751.1 ,"27,876.5 ","7,856.1 ",-1.3 ,"-2,317.7 ","24,291.5 ","26,609.1 ",,"4,229.7 ","6,957.9 ","2,728.2 ","138,612.3 ",,"136,700.3 ","100,969.0 ","35,731.3 ",,"31,566.0 ",,"133,632.9 ",,,,,,
2015/ 1- 3.,"131,729.2 ","74,483.2 ","73,084.6 ","60,629.5 ","3,856.4 ","23,851.9 ","-2,550.3 ","24,944.9 ","7,759.9 ",45.4 ,-662.2 ,"24,021.7 ","24,683.8 ",,"5,446.3 ","7,206.7 ","1,760.4 ","137,175.5 ",,"132,391.4 ","99,641.2 ","32,750.2 ",,"35,468.2 ",,"134,234.2 ",,,,,,
4- 6.,"131,433.8 ","74,098.7 ","72,224.8 ","59,759.1 ","3,769.3 ","18,626.2 ","2,258.1 ","27,809.5 ","5,438.1 ",-4.4 ,-561.7 ,"22,998.5 ","23,560.2 ",,"4,906.6 ","7,964.5 ","3,057.9 ","136,340.4 ",,"131,995.5 ","98,752.3 ","33,243.2 ",,"27,833.6 ",,"129,180.1 ",,,,,,
7- 9.,"130,273.6 ","75,389.2 ","73,532.7 ","61,056.2 ","4,140.3 ","20,497.0 ",282.8 ,"24,160.8 ","6,373.4 ",5.6 ,-575.5 ,"23,362.9 ","23,938.4 ",,"5,990.0 ","7,943.4 ","1,953.4 ","136,263.6 ",,"130,849.1 ","100,309.3 ","30,539.8 ",,"31,010.7 ",,"129,985.3 ",,,,,,
10-12.,"137,883.2 ","76,641.0 ","74,283.7 ","61,797.4 ","4,160.2 ","20,363.5 ","1,191.1 ","28,381.9 ","7,566.8 ",5.9 ,-427.3 ,"23,187.4 ","23,614.7 ",,"4,067.0 ","7,182.8 ","3,115.8 ","141,950.2 ",,"138,310.5 ","102,355.8 ","35,954.7 ",,"32,090.5 ",,"136,686.2 ",,,,,,
2016/ 1- 3.,"133,195.4 ","74,155.7 ","72,605.9 ","60,126.6 ","3,996.3 ","23,231.1 ","-2,450.2 ","25,596.4 ","7,470.1 ",24.1 ,"1,171.9 ","22,203.2 ","21,031.3 ",,"5,472.7 ","7,380.5 ","1,907.8 ","138,668.1 ",,"132,023.5 ","98,932.9 ","33,090.6 ",,"34,697.4 ",,"135,621.5 ",,,,,,
4- 6.,"132,294.8 ","73,152.9 ","71,245.8 ","58,770.4 ","3,931.5 ","18,229.1 ","2,161.1 ","28,145.6 ","5,435.4 ",-5.0 ,"1,244.2 ","20,950.0 ","19,705.8 ",,"4,141.9 ","7,620.7 ","3,478.8 ","136,436.7 ",,"131,050.6 ","97,474.6 ","33,576.0 ",,"27,596.0 ",,"130,138.7 ",,,,,,
7- 9.,"130,701.6 ","74,382.0 ","72,473.8 ","60,001.6 ","4,371.3 ","19,702.5 ",28.3 ,"24,444.3 ","6,417.0 ",-10.4 ,"1,366.5 ","20,942.7 ","19,576.1 ",,"5,288.1 ","7,426.1 ","2,138.0 ","135,989.7 ",,"129,335.0 ","98,484.1 ","30,850.9 ",,"30,490.8 ",,"130,683.7 ",,,,,,
10-12.,"139,345.4 ","76,549.7 ","74,088.4 ","61,612.2 ","4,454.3 ","20,184.4 ",737.8 ,"28,388.5 ","7,529.9 ",-23.6 ,"1,524.5 ","23,016.7 ","21,492.3 ",,"3,118.7 ","6,593.7 ","3,475.0 ","142,464.1 ",,"137,820.9 ","101,926.2 ","35,894.7 ",,"32,168.6 ",,"138,631.2 ",,,,,,
2017/ 1- 3.,"134,509.0 ","74,803.7 ","73,163.9 ","60,685.5 ","4,279.8 ","23,696.0 ","-2,487.2 ","25,438.0 ","7,571.4 ",-37.5 ,"1,244.9 ","24,022.7 ","22,777.8 ",,"5,655.4 ","7,863.0 ","2,207.6 ","140,164.4 ",,"133,264.1 ","100,292.3 ","32,971.8 ",,"35,547.2 ",,"137,033.7 ",,,,,,
4- 6.,"134,461.1 ","74,790.1 ","72,869.3 ","60,387.5 ","4,175.1 ","19,108.1 ","1,433.4 ","28,371.2 ","5,684.9 ",18.3 ,880.0 ,"23,156.2 ","22,276.2 ",,"4,266.1 ","8,066.9 ","3,800.8 ","138,727.2 ",,"133,581.1 ","99,506.8 ","34,074.4 ",,"28,968.1 ",,"133,009.4 ",,,,,,
7- 9.,"134,034.1 ","75,181.1 ","73,254.5 ","60,761.4 ","4,480.8 ","20,905.3 ",475.8 ,"24,673.3 ","6,516.0 ",19.2 ,"1,782.5 ","23,994.1 ","22,211.6 ",,"6,043.5 ","8,320.0 ","2,276.5 ","140,077.6 ",,"132,251.6 ","101,043.0 ","31,208.6 ",,"31,902.1 ",,"133,539.1 ",,,,,,
10-12.,"142,893.2 ","77,867.1 ","75,385.2 ","62,886.8 ","4,375.2 ","21,424.6 ","1,733.9 ","28,624.3 ","7,674.6 ",22.5 ,"1,171.0 ","25,733.9 ","24,562.9 ",,"3,618.8 ","7,290.4 ","3,671.5 ","146,512.0 ",,"141,722.2 ","105,400.8 ","36,321.4 ",,"33,474.4 ",,"141,136.8 ",,,,,,
2018/ 1- 3.,"136,159.6 ","75,421.8 ","73,801.6 ","61,304.5 ","4,060.1 ","24,479.4 ","-2,320.4 ","25,750.5 ","7,690.1 ",13.3 ,"1,064.8 ","25,386.6 ","24,321.8 ",,"5,538.2 ","8,090.0 ","2,551.9 ","141,697.8 ",,"135,094.9 ","101,640.9 ","33,454.0 ",,"36,229.6 ",,"138,466.8 ",,,,,,
4- 6.,"135,979.2 ","74,835.6 ","72,975.0 ","60,472.3 ","3,851.3 ","20,100.9 ","1,579.7 ","28,957.3 ","5,895.7 ",15.1 ,743.5 ,"24,992.9 ","24,249.4 ",,"4,710.4 ","8,958.9 ","4,248.6 ","140,689.6 ",,"135,235.7 ","100,367.5 ","34,868.2 ",,"29,847.9 ",,"134,384.4 ",,,,,,
7- 9.,"133,195.0 ","75,884.3 ","73,987.5 ","61,476.0 ","4,215.7 ","20,924.5 ",261.6 ,"25,086.5 ","6,693.8 ",20.2 ,108.3 ,"24,886.5 ","24,778.2 ",,"6,185.3 ","8,896.1 ","2,710.9 ","139,380.3 ",,"133,086.7 ","101,286.2 ","31,800.5 ",,"31,834.0 ",,"132,913.1 ",,,,,,
10-12.,"141,517.9 ","78,286.1 ","75,852.1 ","63,338.9 ","4,313.8 ","22,004.9 ","1,534.6 ","28,540.9 ","7,740.9 ",10.4 ,-913.8 ,"26,144.9 ","27,058.8 ",,"3,850.2 ","7,990.6 ","4,140.3 ","145,368.1 ",,"142,431.7 ","106,139.5 ","36,292.2 ",,"34,059.7 ",,"139,972.9 ",,,,,,
2019/ 1- 3.,"137,430.9 ","75,778.8 ","74,187.2 ","61,664.1 ","4,132.7 ","25,010.1 ","-1,940.6 ","25,922.7 ","7,891.2 ",0.4 ,635.6 ,"24,673.0 ","24,037.4 ",,"5,794.4 ","8,592.2 ","2,797.7 ","143,225.4 ",,"136,795.3 ","102,981.0 ","33,814.3 ",,"37,034.0 ",,"139,371.1 ",,,,,,
4- 6.,"137,783.3 ","75,717.0 ","73,803.9 ","61,270.0 ","3,993.8 ","20,287.4 ","2,042.6 ","29,640.0 ","6,028.8 ",1.4 ,72.2 ,"24,068.9 ","23,996.7 ",,"4,580.9 ","9,220.9 ","4,640.1 ","142,364.2 ",,"137,711.1 ","102,040.9 ","35,670.2 ",,"30,310.0 ",,"135,739.3 ",,,,,,
7- 9.,"136,299.8 ","76,974.0 ","75,029.1 ","62,483.8 ","4,429.4 ","22,117.6 ",-20.7 ,"25,891.1 ","7,040.3 ",-11.5 ,-120.4 ,"23,650.9 ","23,771.4 ",,"6,233.1 ","9,336.7 ","3,103.5 ","142,532.9 ",,"136,420.2 ","103,500.3 ","32,919.9 ",,"33,587.3 ",,"136,331.9 ",,,,,,
10-12.,"142,226.8 ","77,307.3 ","74,627.7 ","62,067.8 ","4,424.4 ","21,025.8 ","1,211.5 ","29,360.9 ","8,317.6 ",5.5 ,573.6 ,"24,576.1 ","24,002.5 ",,"3,427.2 ","7,689.9 ","4,262.6 ","145,654.0 ",,"141,653.1 ","103,969.1 ","37,684.1 ",,"33,767.8 ",,"141,009.7 ",,,,,,
2020/ 1- 3.,"136,249.0 ","74,474.5 ","72,627.0 ","60,059.7 ","3,996.9 ","24,601.9 ","-2,323.2 ","26,754.5 ","8,220.9 ",18.8 ,504.8 ,"22,597.9 ","22,093.1 ",,"5,694.0 ","8,487.7 ","2,793.7 ","141,943.0 ",,"135,744.3 ","100,750.1 ","34,994.2 ",,"36,819.8 ",,"138,553.5 ",,,,,,
